pk_registro;temperatura_c;temperatura_c_situacao;pressao_atm;umidade_relativa;umidade_relativa_situacao;valor_entalpia;situacao_entalpia;data;hora
1;25,01;ATENCAO;932,85;49,56;ATENCAO;45,18;CRITICA;23/09/2021;0:14:14
2;23,97;ATENCAO;932,65;50,69;ATENCAO;43,35;CRITICA;23/09/2021;0:30:57
3;23,03;ATENCAO;932,51;54,73;ATENCAO;42,78;CRITICA;23/09/2021;0:47:40
4;25,17;ATENCAO;932,48;48,99;ATENCAO;45,31;CRITICA;23/09/2021;1:04:23
5;28,1;OTIMA;932,29;44,57;ATENCAO;49,93;ATENCAO;23/09/2021;1:21:06
6;29,78;OTIMA;932,12;41,2;ATENCAO;52,06;ATENCAO;23/09/2021;1:37:49
7;30,9;ATENCAO;931,96;41,16;ATENCAO;54,65;ATENCAO;23/09/2021;1:54:32
8;31,42;ATENCAO;931,8;40,42;ATENCAO;55,45;ATENCAO;23/09/2021;2:11:15
9;31,67;ATENCAO;931,7;39,92;CRITICA;55,75;ATENCAO;23/09/2021;2:27:58
10;31,69;ATENCAO;931,48;40,41;ATENCAO;56,10;ATENCAO;23/09/2021;2:44:41
11;31,57;ATENCAO;931,43;41,03;ATENCAO;56,18;ATENCAO;23/09/2021;3:01:24
12;31,22;ATENCAO;931,36;41,55;ATENCAO;55,65;ATENCAO;23/09/2021;3:18:07
13;29,68;OTIMA;931,33;42,83;ATENCAO;52,72;ATENCAO;23/09/2021;3:34:50
14;30,82;ATENCAO;931,4;42,68;ATENCAO;55,34;ATENCAO;23/09/2021;3:51:33
15;32,31;ATENCAO;931,42;38,97;CRITICA;56,71;ATENCAO;23/09/2021;4:08:16
16;33,26;ATENCAO;931,42;38,63;CRITICA;58,78;ATENCAO;23/09/2021;4:24:59
17;33,83;ATENCAO;931,4;38,26;CRITICA;59,94;ATENCAO;23/09/2021;4:41:42
18;33,29;ATENCAO;931,46;37,96;CRITICA;58,42;ATENCAO;23/09/2021;4:58:25
19;31,81;ATENCAO;931,56;39,58;CRITICA;55,88;ATENCAO;23/09/2021;5:15:08
20;30,23;ATENCAO;931,86;41,33;ATENCAO;53,17;ATENCAO;23/09/2021;5:31:51
21;28,57;OTIMA;932,08;42,33;ATENCAO;49,90;ATENCAO;23/09/2021;5:48:35
22;26,88;ATENCAO;932,19;45,02;ATENCAO;47,40;CRITICA;23/09/2021;6:05:18
23;25,8;ATENCAO;932,3;48,45;ATENCAO;46,49;CRITICA;23/09/2021;6:22:01
24;25,05;ATENCAO;932,53;49,64;ATENCAO;45,31;CRITICA;23/09/2021;6:38:44
25;29,22;OTIMA;932,55;45,06;ATENCAO;52,78;ATENCAO;23/09/2021;6:55:27
26;32,93;ATENCAO;932,57;39,19;CRITICA;58,31;ATENCAO;23/09/2021;7:12:10
27;30,99;ATENCAO;932,97;39,98;CRITICA;54,16;ATENCAO;23/09/2021;7:28:53
28;33,39;ATENCAO;932,9;41,67;ATENCAO;61,07;ATENCAO;23/09/2021;7:45:36
29;31,2;ATENCAO;933,12;38,5;CRITICA;53,78;ATENCAO;23/09/2021;8:02:19
30;29,88;OTIMA;933,16;43,3;ATENCAO;53,39;ATENCAO;23/09/2021;8:19:02
31;29,92;OTIMA;933,39;43,28;ATENCAO;53,47;ATENCAO;23/09/2021;8:32:15
32;30,16;ATENCAO;933,28;42,46;ATENCAO;53,59;ATENCAO;23/09/2021;8:48:58
33;30,8;ATENCAO;933,51;43,27;ATENCAO;55,57;ATENCAO;23/09/2021;9:05:41
34;31,4;ATENCAO;933,32;40,89;ATENCAO;55,64;ATENCAO;23/09/2021;9:22:24
35;29,63;OTIMA;933,46;39,16;CRITICA;50,60;ATENCAO;23/09/2021;9:39:07
36;30,68;ATENCAO;933,39;36,16;CRITICA;51,27;ATENCAO;23/09/2021;9:55:50
37;31,72;ATENCAO;933,28;34,82;CRITICA;52,78;ATENCAO;23/09/2021;10:12:33
38;31,81;ATENCAO;933,17;34,26;CRITICA;52,64;ATENCAO;23/09/2021;10:29:16
39;31,09;ATENCAO;933,17;33,15;CRITICA;50,44;ATENCAO;23/09/2021;10:45:59
40;30,2;ATENCAO;933,05;33,67;CRITICA;48,87;ATENCAO;23/09/2021;11:02:42
41;30,97;ATENCAO;932,86;32,14;CRITICA;49,61;ATENCAO;23/09/2021;11:19:25
42;31,14;ATENCAO;932,7;30,68;CRITICA;49,12;ATENCAO;23/09/2021;11:36:08
43;31,57;ATENCAO;932,43;30,03;CRITICA;49,62;ATENCAO;23/09/2021;11:52:51
44;31,59;ATENCAO;932,11;30,42;CRITICA;49,90;ATENCAO;23/09/2021;12:09:34
45;31,78;ATENCAO;931,99;29,41;CRITICA;49,68;ATENCAO;23/09/2021;12:26:17
46;31,46;ATENCAO;931,79;28,58;CRITICA;48,55;OTIMA;23/09/2021;12:43:00
47;31,78;ATENCAO;931,47;28,29;CRITICA;49,01;ATENCAO;23/09/2021;12:59:43
48;31,77;ATENCAO;931,13;28,73;CRITICA;49,27;ATENCAO;23/09/2021;13:16:26
49;31,74;ATENCAO;930,87;29,51;CRITICA;49,68;ATENCAO;23/09/2021;13:33:09
50;32,08;ATENCAO;930,74;30,11;CRITICA;50,74;ATENCAO;23/09/2021;13:49:52
51;32,02;ATENCAO;930,43;29,71;CRITICA;50,38;ATENCAO;23/09/2021;14:06:35
52;31,96;ATENCAO;930,24;29,61;CRITICA;50,20;ATENCAO;23/09/2021;14:23:18
53;32,14;ATENCAO;929,91;30,62;CRITICA;51,20;ATENCAO;23/09/2021;14:40:01
54;31,68;ATENCAO;929,86;31,22;CRITICA;50,60;ATENCAO;23/09/2021;14:56:44
55;31,55;ATENCAO;929,81;31,61;CRITICA;50,57;ATENCAO;23/09/2021;15:13:27
56;31,35;ATENCAO;929,69;33,7;CRITICA;51,38;ATENCAO;23/09/2021;15:30:10
57;31,39;ATENCAO;929,65;33,17;CRITICA;51,16;ATENCAO;23/09/2021;15:46:53
58;31,17;ATENCAO;929,56;34,14;CRITICA;51,26;ATENCAO;23/09/2021;16:03:36
59;30,73;ATENCAO;929,7;35,45;CRITICA;51,06;ATENCAO;23/09/2021;16:20:19
60;30,05;ATENCAO;929,81;36,09;CRITICA;49,94;ATENCAO;23/09/2021;16:37:02
61;29,94;OTIMA;929,98;38,57;CRITICA;51,05;ATENCAO;23/09/2021;16:53:45
62;29,61;OTIMA;930,17;39;CRITICA;50,54;ATENCAO;23/09/2021;17:10:28
63;28,56;OTIMA;930,27;41,79;ATENCAO;49,64;ATENCAO;23/09/2021;17:27:11
64;32,16;ATENCAO;930,33;40,72;ATENCAO;57,46;ATENCAO;23/09/2021;17:43:54
65;33,29;ATENCAO;930,32;40,78;ATENCAO;60,30;ATENCAO;23/09/2021;18:00:37
66;31,21;ATENCAO;930,56;44,43;ATENCAO;57,33;ATENCAO;23/09/2021;18:17:21
67;29,19;OTIMA;930,72;44,6;ATENCAO;52,51;ATENCAO;23/09/2021;18:34:04
68;30,25;ATENCAO;930,9;43,24;ATENCAO;54,30;ATENCAO;23/09/2021;18:50:47
69;34,21;ATENCAO;930,89;39,78;CRITICA;61,95;ATENCAO;23/09/2021;19:07:30
70;31,39;ATENCAO;931,2;41,82;ATENCAO;56,22;ATENCAO;23/09/2021;19:24:13
71;28,72;OTIMA;931,35;44,56;ATENCAO;51,38;ATENCAO;23/09/2021;19:40:56
72;33,7;ATENCAO;931,53;39,1;CRITICA;60,18;ATENCAO;23/09/2021;19:57:39
73;32,98;ATENCAO;931,54;41,11;ATENCAO;59,70;ATENCAO;23/09/2021;20:14:22
74;29,76;OTIMA;931,61;43,29;ATENCAO;53,14;ATENCAO;23/09/2021;20:31:05
75;33,77;ATENCAO;931,87;39,42;CRITICA;60,56;ATENCAO;23/09/2021;20:47:48
76;32,5;ATENCAO;931,93;45,72;ATENCAO;61,38;ATENCAO;23/09/2021;21:04:31
77;29,72;OTIMA;932,09;44,49;ATENCAO;53,68;ATENCAO;23/09/2021;21:21:14
78;33,88;ATENCAO;931,9;38,13;CRITICA;59,96;ATENCAO;23/09/2021;21:37:57
79;31,95;ATENCAO;931,91;40,96;ATENCAO;57,05;ATENCAO;23/09/2021;21:54:40
80;31,52;ATENCAO;931,98;42,84;ATENCAO;57,12;ATENCAO;23/09/2021;22:11:23
81;33,23;ATENCAO;931,98;43,98;ATENCAO;62,19;ATENCAO;23/09/2021;22:28:06
82;30,22;ATENCAO;931,95;43,87;ATENCAO;54,54;ATENCAO;23/09/2021;22:44:49
83;33,53;ATENCAO;931,89;40,31;ATENCAO;60,55;ATENCAO;23/09/2021;23:01:32
84;31,04;ATENCAO;931,78;42,9;ATENCAO;55,99;ATENCAO;23/09/2021;23:18:15
85;33,43;ATENCAO;931,59;40,23;ATENCAO;60,25;ATENCAO;23/09/2021;23:34:58
86;32,44;ATENCAO;931,45;42,4;ATENCAO;59,16;ATENCAO;23/09/2021;23:51:41
87;30,85;ATENCAO;931,47;42,13;ATENCAO;55,09;ATENCAO;24/09/2021;0:08:24
88;33,88;ATENCAO;931,1;39,24;CRITICA;60,73;ATENCAO;24/09/2021;0:25:07
89;30,66;ATENCAO;931,22;41,46;ATENCAO;54,27;ATENCAO;24/09/2021;0:41:50
90;32,45;ATENCAO;931,29;40,74;ATENCAO;58,15;ATENCAO;24/09/2021;0:58:33
91;32,37;ATENCAO;931,16;45,99;ATENCAO;61,23;ATENCAO;24/09/2021;1:15:16
92;32,08;ATENCAO;930,99;42,5;ATENCAO;58,33;ATENCAO;24/09/2021;1:31:59
93;32,56;ATENCAO;930,75;43,76;ATENCAO;60,34;ATENCAO;24/09/2021;1:48:42
94;30,71;ATENCAO;930,57;43,88;ATENCAO;55,77;ATENCAO;24/09/2021;2:05:25
95;32,08;ATENCAO;930,63;41,68;ATENCAO;57,84;ATENCAO;24/09/2021;2:22:08
96;31,13;ATENCAO;930,48;41,78;ATENCAO;55,59;ATENCAO;24/09/2021;2:38:51
97;29,1;OTIMA;930,2;44,84;ATENCAO;52,44;ATENCAO;24/09/2021;2:55:34
98;27,03;OTIMA;930,31;48,28;ATENCAO;49,26;ATENCAO;24/09/2021;3:12:17
99;25,24;ATENCAO;930,38;51,53;ATENCAO;46,56;CRITICA;24/09/2021;3:29:00
100;24,25;ATENCAO;930,14;53,99;ATENCAO;45,29;CRITICA;24/09/2021;3:45:43
101;23,69;ATENCAO;930,38;58,26;OTIMA;45,62;CRITICA;24/09/2021;4:02:26
102;22,73;CRITICA;930,58;59,8;OTIMA;43,95;CRITICA;24/09/2021;4:19:09
103;24,4;ATENCAO;930,67;56,41;OTIMA;46,56;CRITICA;24/09/2021;4:35:52
104;29,42;OTIMA;930,67;47,81;ATENCAO;54,75;ATENCAO;24/09/2021;4:52:35
105;32,75;ATENCAO;930,78;40,56;ATENCAO;58,79;ATENCAO;24/09/2021;5:09:18
106;30,71;ATENCAO;931,01;42,87;ATENCAO;55,19;ATENCAO;24/09/2021;5:26:01
107;31,88;ATENCAO;931,3;42,98;ATENCAO;58,12;ATENCAO;24/09/2021;5:42:44
108;32,38;ATENCAO;931,32;45,5;ATENCAO;60,95;ATENCAO;24/09/2021;5:59:27
109;30,63;ATENCAO;931,44;42,3;ATENCAO;54,67;ATENCAO;24/09/2021;6:16:10
110;32,12;ATENCAO;931,56;42,4;ATENCAO;58,36;ATENCAO;24/09/2021;6:32:53
111;31,35;ATENCAO;931,79;42,75;ATENCAO;56,66;ATENCAO;24/09/2021;6:49:36
112;29,39;OTIMA;931,92;45,74;ATENCAO;53,55;ATENCAO;24/09/2021;7:06:19
113;27,92;OTIMA;932;50,5;ATENCAO;52,38;ATENCAO;24/09/2021;7:23:02
114;27,22;OTIMA;931,98;51,54;ATENCAO;51,17;ATENCAO;24/09/2021;7:39:46
115;27,36;OTIMA;932,02;51,94;ATENCAO;51,69;ATENCAO;24/09/2021;7:56:29
116;27,96;OTIMA;932,01;51,07;ATENCAO;52,75;ATENCAO;24/09/2021;8:13:12
117;28,66;OTIMA;931,94;50,63;ATENCAO;54,27;ATENCAO;24/09/2021;8:29:55
118;30,56;ATENCAO;931,76;49,4;ATENCAO;58,48;ATENCAO;24/09/2021;9:03:21
119;31,27;ATENCAO;931,5;46,16;ATENCAO;58,46;ATENCAO;24/09/2021;9:20:04
120;31,81;ATENCAO;931,49;43,51;ATENCAO;58,26;ATENCAO;24/09/2021;9:36:47
121;32,39;ATENCAO;931,46;42,18;ATENCAO;58,90;ATENCAO;24/09/2021;9:53:30
122;33,14;ATENCAO;931,2;41,43;ATENCAO;60,32;ATENCAO;24/09/2021;10:10:13
123;33,73;ATENCAO;931;40,97;ATENCAO;61,53;ATENCAO;24/09/2021;10:26:56
124;31,55;ATENCAO;931,35;39,64;CRITICA;55,31;ATENCAO;24/09/2021;10:43:39
125;30,97;ATENCAO;931,23;38,53;CRITICA;53,32;ATENCAO;24/09/2021;11:00:22
126;31,22;ATENCAO;931,06;38,22;CRITICA;53,71;ATENCAO;24/09/2021;11:17:05
127;31,31;ATENCAO;930,95;37,64;CRITICA;53,58;ATENCAO;24/09/2021;11:33:48
128;32,12;ATENCAO;930,75;36,74;CRITICA;54,90;ATENCAO;24/09/2021;11:50:31
129;31,79;ATENCAO;930,55;37,15;CRITICA;54,40;ATENCAO;24/09/2021;12:07:14
130;31,38;ATENCAO;930,22;37,31;CRITICA;53,57;ATENCAO;24/09/2021;12:23:57
131;32;ATENCAO;929,85;37,52;CRITICA;55,12;ATENCAO;24/09/2021;12:40:40
132;31,92;ATENCAO;929,72;37,91;CRITICA;55,18;ATENCAO;24/09/2021;12:57:23
133;31,77;ATENCAO;929,51;37,44;CRITICA;54,55;ATENCAO;24/09/2021;13:14:06
134;32,31;ATENCAO;929,12;36,42;CRITICA;55,18;ATENCAO;24/09/2021;13:30:49
135;32,05;ATENCAO;928,77;35,39;CRITICA;53,96;ATENCAO;24/09/2021;13:47:32
136;32,26;ATENCAO;928,63;40,61;ATENCAO;57,68;ATENCAO;24/09/2021;14:04:15
137;30,37;ATENCAO;928,74;53,96;ATENCAO;60,61;ATENCAO;24/09/2021;14:20:58
138;31,01;ATENCAO;928,77;48,85;ATENCAO;59,43;ATENCAO;24/09/2021;14:37:41
139;30,7;ATENCAO;928,5;51,12;ATENCAO;59,92;ATENCAO;24/09/2021;14:54:24
140;30,9;ATENCAO;928,33;46,75;ATENCAO;57,95;ATENCAO;24/09/2021;15:11:07
141;31,22;ATENCAO;928,4;42,93;ATENCAO;56,53;ATENCAO;24/09/2021;15:27:50
142;31,84;ATENCAO;928,26;39,19;CRITICA;55,80;ATENCAO;24/09/2021;15:44:33
143;31,76;ATENCAO;928,22;37,66;CRITICA;54,69;ATENCAO;24/09/2021;16:01:16
144;31,82;ATENCAO;928,28;36,26;CRITICA;53,98;ATENCAO;24/09/2021;16:17:59
145;31,43;ATENCAO;928,35;36,18;CRITICA;53,05;ATENCAO;24/09/2021;16:34:42
146;31,12;ATENCAO;928,33;37,67;CRITICA;53,23;ATENCAO;24/09/2021;16:51:25
147;30,84;ATENCAO;928,28;38,79;CRITICA;53,24;ATENCAO;24/09/2021;17:08:08
148;30,44;ATENCAO;928,39;41,58;ATENCAO;53,89;ATENCAO;24/09/2021;17:24:51
149;29,53;OTIMA;928,35;43,56;ATENCAO;52,83;ATENCAO;24/09/2021;17:41:34
150;29,22;OTIMA;928,51;44,95;ATENCAO;52,82;ATENCAO;24/09/2021;17:58:17
151;28,63;OTIMA;928,91;46,98;ATENCAO;52,44;ATENCAO;24/09/2021;18:15:00
152;28,75;OTIMA;929,3;52,48;ATENCAO;55,51;ATENCAO;24/09/2021;18:31:43
153;28,55;OTIMA;929,8;53,39;ATENCAO;55,44;ATENCAO;24/09/2021;18:48:26
154;27,67;OTIMA;930,12;56,08;OTIMA;54,47;ATENCAO;24/09/2021;19:05:09
155;30,8;ATENCAO;930,18;46,9;ATENCAO;57,73;ATENCAO;24/09/2021;19:21:52
156;28,4;OTIMA;930,45;53,16;ATENCAO;54,92;ATENCAO;24/09/2021;19:38:35
157;28,49;OTIMA;930,7;54,06;ATENCAO;55,59;ATENCAO;24/09/2021;19:55:18
158;29,16;OTIMA;930,94;51,4;ATENCAO;55,96;ATENCAO;24/09/2021;20:12:01
159;29,43;OTIMA;931,32;52,68;ATENCAO;57,32;ATENCAO;24/09/2021;20:28:44
160;28,49;OTIMA;931,48;52,44;ATENCAO;54,76;ATENCAO;24/09/2021;20:45:27
161;28,14;OTIMA;931,58;59,37;OTIMA;57,25;ATENCAO;24/09/2021;20:53:26
162;28,1;OTIMA;931,7;53,43;ATENCAO;54,25;ATENCAO;24/09/2021;21:10:09
163;31,1;ATENCAO;931,76;45,82;ATENCAO;57,82;ATENCAO;24/09/2021;21:26:52
164;30,73;ATENCAO;932;51,08;ATENCAO;59,87;ATENCAO;24/09/2021;21:43:35
165;31,51;ATENCAO;931,92;46,94;ATENCAO;59,53;ATENCAO;24/09/2021;22:11:47
166;29,63;OTIMA;931,99;51,79;ATENCAO;57,35;ATENCAO;24/09/2021;22:28:30
167;28,77;OTIMA;931,96;50,16;ATENCAO;54,31;ATENCAO;24/09/2021;22:45:13
168;29,63;OTIMA;931,98;48,71;ATENCAO;55,71;ATENCAO;24/09/2021;23:01:56
169;31,55;ATENCAO;931,87;46,61;ATENCAO;59,44;ATENCAO;24/09/2021;23:18:39
170;31,15;ATENCAO;931,8;47,7;ATENCAO;59,04;ATENCAO;24/09/2021;23:35:22
171;31,16;ATENCAO;931,85;50,89;ATENCAO;60,92;ATENCAO;24/09/2021;23:42:15
172;29,33;OTIMA;931,84;51,99;ATENCAO;56,68;ATENCAO;24/09/2021;23:58:58
173;29,86;OTIMA;931,58;47,63;ATENCAO;55,72;ATENCAO;25/09/2021;0:15:41
174;30,8;ATENCAO;931,52;47,67;ATENCAO;58,13;ATENCAO;25/09/2021;0:32:24
175;29,55;OTIMA;931,31;51,28;ATENCAO;56,89;ATENCAO;25/09/2021;0:49:07
176;28,76;OTIMA;931,24;49,74;ATENCAO;54,09;ATENCAO;25/09/2021;1:05:50
177;28,94;OTIMA;931,12;50,54;ATENCAO;54,95;ATENCAO;25/09/2021;1:22:33
178;28,67;OTIMA;930,87;51,75;ATENCAO;54,89;ATENCAO;25/09/2021;1:39:16
179;28,1;OTIMA;930,71;52,29;ATENCAO;53,73;ATENCAO;25/09/2021;1:55:59
180;27,44;OTIMA;930,67;54,24;ATENCAO;53,00;ATENCAO;25/09/2021;2:12:42
181;31,04;ATENCAO;930,4;46,95;ATENCAO;58,36;ATENCAO;25/09/2021;2:29:25
182;29,59;OTIMA;930,2;49,18;ATENCAO;55,91;ATENCAO;25/09/2021;2:46:08
183;28,51;OTIMA;929,94;50,36;ATENCAO;53,82;ATENCAO;25/09/2021;3:02:51
184;31,37;ATENCAO;930,02;44,42;ATENCAO;57,74;ATENCAO;25/09/2021;3:19:34
185;31,19;ATENCAO;929,85;44,93;ATENCAO;57,59;ATENCAO;25/09/2021;3:36:17
186;29,75;OTIMA;929,83;48,07;ATENCAO;55,73;ATENCAO;25/09/2021;3:53:00
187;28,48;OTIMA;929,8;48,87;ATENCAO;53,00;ATENCAO;25/09/2021;4:09:43
188;30,23;ATENCAO;930;46,03;ATENCAO;55,81;ATENCAO;25/09/2021;4:26:26
189;30,17;ATENCAO;930,11;46,1;ATENCAO;55,70;ATENCAO;25/09/2021;4:43:09
190;29,15;OTIMA;930,4;50,35;ATENCAO;55,40;ATENCAO;25/09/2021;4:59:52
191;30,18;ATENCAO;930,57;47,45;ATENCAO;56,45;ATENCAO;25/09/2021;5:16:35
192;29,75;OTIMA;930,83;46,5;ATENCAO;54,86;ATENCAO;25/09/2021;5:33:18
193;28,45;OTIMA;930,88;49,78;ATENCAO;53,36;ATENCAO;25/09/2021;5:50:01
194;27,4;OTIMA;930,88;52,93;ATENCAO;52,28;ATENCAO;25/09/2021;6:06:44
195;25,88;ATENCAO;931,21;56,41;OTIMA;50,09;ATENCAO;25/09/2021;6:23:27
196;24,99;ATENCAO;931,34;59,49;OTIMA;49,18;ATENCAO;25/09/2021;6:40:10
197;23,9;ATENCAO;930,43;62,82;OTIMA;47,84;CRITICA;25/09/2021;6:56:53
198;24,15;ATENCAO;931,14;63,73;OTIMA;48,78;ATENCAO;25/09/2021;7:13:36
199;23,52;ATENCAO;931,43;65,17;ATENCAO;47,75;CRITICA;25/09/2021;7:30:19
200;23,76;ATENCAO;931,78;66,08;ATENCAO;48,68;ATENCAO;25/09/2021;7:47:02
201;24,36;ATENCAO;932,23;65,95;ATENCAO;50,14;ATENCAO;25/09/2021;8:03:45
202;25,17;ATENCAO;932,25;64,56;OTIMA;51,67;ATENCAO;25/09/2021;8:20:28
203;25,72;ATENCAO;932;63,41;OTIMA;52,63;ATENCAO;25/09/2021;8:37:11
204;26,23;ATENCAO;932,3;61,29;OTIMA;53,05;ATENCAO;25/09/2021;8:53:54
205;26,82;ATENCAO;932,31;59,54;OTIMA;53,81;ATENCAO;25/09/2021;9:10:38
206;27,8;OTIMA;932,09;57,37;OTIMA;55,37;ATENCAO;25/09/2021;9:27:21
207;29,05;OTIMA;931,86;54,06;ATENCAO;57,02;ATENCAO;25/09/2021;9:44:04
208;29,22;OTIMA;931,67;54,02;ATENCAO;57,45;ATENCAO;25/09/2021;10:00:47
209;29,9;OTIMA;931,46;51,01;ATENCAO;57,65;ATENCAO;25/09/2021;10:17:30
210;29,47;OTIMA;931,49;49,93;ATENCAO;55,97;ATENCAO;25/09/2021;10:34:13
211;29,09;OTIMA;931,34;51,18;ATENCAO;55,65;ATENCAO;25/09/2021;10:50:56
212;29,89;OTIMA;931,26;50,54;ATENCAO;57,38;ATENCAO;25/09/2021;11:07:39
213;30,69;ATENCAO;931,07;48,11;ATENCAO;58,11;ATENCAO;25/09/2021;11:24:22
214;30,88;ATENCAO;930,79;46,93;ATENCAO;57,93;ATENCAO;25/09/2021;11:41:05
215;31,45;ATENCAO;930,43;46,65;ATENCAO;59,25;ATENCAO;25/09/2021;11:57:48
216;31,59;ATENCAO;929,95;43,34;ATENCAO;57,65;ATENCAO;25/09/2021;12:14:31
217;30,66;ATENCAO;930;48,59;ATENCAO;58,33;ATENCAO;25/09/2021;12:31:14
218;30,74;ATENCAO;929,53;45,31;ATENCAO;56,69;ATENCAO;25/09/2021;12:47:57
219;31,09;ATENCAO;929,2;44,67;ATENCAO;57,20;ATENCAO;25/09/2021;13:04:40
220;31,15;ATENCAO;928,93;43,21;ATENCAO;56,51;ATENCAO;25/09/2021;13:21:23
221;31,11;ATENCAO;928,74;43,61;ATENCAO;56,65;ATENCAO;25/09/2021;13:38:06
222;30,59;ATENCAO;929,07;45,56;ATENCAO;56,47;ATENCAO;25/09/2021;13:54:49
223;29,56;OTIMA;929,27;58,17;OTIMA;60,63;ATENCAO;25/09/2021;14:11:32
224;29,6;OTIMA;929,4;69,92;ATENCAO;67,00;ATENCAO;25/09/2021;14:28:15
225;29,47;OTIMA;928,97;72,33;ATENCAO;67,88;ATENCAO;25/09/2021;14:44:58
226;29,27;OTIMA;928,96;72,57;ATENCAO;67,36;ATENCAO;25/09/2021;15:01:41
227;28,94;OTIMA;928,99;71,06;ATENCAO;65,53;ATENCAO;25/09/2021;15:18:24
228;28,9;OTIMA;928,82;69,67;ATENCAO;64,70;ATENCAO;25/09/2021;15:35:07
229;29,03;OTIMA;928,59;67,42;ATENCAO;63,95;ATENCAO;25/09/2021;15:51:50
230;28,54;OTIMA;928,56;64,89;OTIMA;61,21;ATENCAO;25/09/2021;16:08:33
231;28,34;OTIMA;928,55;65,11;ATENCAO;60,73;ATENCAO;25/09/2021;16:25:16
232;28,65;OTIMA;928,71;65,9;ATENCAO;62,03;ATENCAO;25/09/2021;16:41:59
233;28,31;OTIMA;928,76;67,34;ATENCAO;61,74;ATENCAO;25/09/2021;16:58:42
234;27,62;OTIMA;928,86;69,63;ATENCAO;60,80;ATENCAO;25/09/2021;17:15:25
235;26,98;ATENCAO;928,88;70,68;ATENCAO;59,41;ATENCAO;25/09/2021;17:32:08
236;26,81;ATENCAO;929,02;73,87;ATENCAO;60,35;ATENCAO;25/09/2021;17:48:51
237;26,67;ATENCAO;929,3;74,63;ATENCAO;60,26;ATENCAO;25/09/2021;18:05:34
238;27,19;OTIMA;929,43;72,16;ATENCAO;60,69;ATENCAO;25/09/2021;18:22:17
239;27,51;OTIMA;929,7;80,96;CRITICA;65,78;ATENCAO;25/09/2021;18:37:58
240;27,01;OTIMA;929,63;73,81;ATENCAO;60,90;ATENCAO;25/09/2021;18:54:41
241;26,47;ATENCAO;929,92;76,33;ATENCAO;60,40;ATENCAO;25/09/2021;19:11:24
242;26,13;ATENCAO;930,1;77,49;ATENCAO;59,87;ATENCAO;25/09/2021;19:28:07
243;25,89;ATENCAO;930,31;77,4;ATENCAO;59,10;ATENCAO;25/09/2021;19:44:50
244;26,02;ATENCAO;930,5;75,14;ATENCAO;58,51;ATENCAO;25/09/2021;20:01:33
245;25,61;ATENCAO;930,72;76,93;ATENCAO;58,06;ATENCAO;25/09/2021;20:18:16
246;25,39;ATENCAO;931,01;77,03;ATENCAO;57,45;ATENCAO;25/09/2021;20:34:59
247;27,53;OTIMA;931,02;72,65;ATENCAO;61,88;ATENCAO;25/09/2021;20:51:42
248;29,4;OTIMA;930,81;62,85;OTIMA;62,59;ATENCAO;25/09/2021;21:08:25
249;27,11;OTIMA;931,04;68,68;ATENCAO;58,80;ATENCAO;25/09/2021;21:25:08
250;27,35;OTIMA;931,28;73,07;ATENCAO;61,52;ATENCAO;25/09/2021;21:45:00
251;29,64;OTIMA;931,18;62,52;OTIMA;63,11;ATENCAO;25/09/2021;22:01:43
252;27,09;OTIMA;931,44;69,03;ATENCAO;58,89;ATENCAO;25/09/2021;22:18:26
253;28,53;OTIMA;931,57;67,21;ATENCAO;62,23;ATENCAO;25/09/2021;22:35:09
254;29,84;OTIMA;931,23;60,14;OTIMA;62,42;ATENCAO;25/09/2021;22:51:52
255;27,18;OTIMA;931,32;66,67;ATENCAO;58,06;ATENCAO;25/09/2021;23:08:35
256;28,87;OTIMA;931,59;64,74;OTIMA;61,99;ATENCAO;25/09/2021;23:25:18
257;29,91;OTIMA;931,51;58,32;OTIMA;61,63;ATENCAO;25/09/2021;23:42:01
258;27,14;OTIMA;931,49;66,26;ATENCAO;57,76;ATENCAO;25/09/2021;23:58:44
259;30,11;ATENCAO;931,15;59,22;OTIMA;62,70;OTIMA;26/09/2021;0:15:27
260;27,93;OTIMA;931,24;62,45;OTIMA;58,18;ATENCAO;26/09/2021;0:32:10
261;28,49;OTIMA;931,13;62,34;OTIMA;59,70;ATENCAO;26/09/2021;0:48:53
262;30,21;ATENCAO;930,75;56,28;OTIMA;61,39;ATENCAO;26/09/2021;1:05:36
263;27,41;OTIMA;930,81;63,38;OTIMA;57,19;ATENCAO;26/09/2021;1:22:19
264;26,4;ATENCAO;930,7;67,65;ATENCAO;56,34;ATENCAO;26/09/2021;1:39:02
265;28,72;OTIMA;930,5;61,45;OTIMA;59,93;ATENCAO;26/09/2021;1:55:45
266;28,94;OTIMA;930,36;60,32;OTIMA;59,98;ATENCAO;26/09/2021;2:12:28
267;26,81;ATENCAO;930,26;65,39;ATENCAO;56,48;ATENCAO;26/09/2021;2:29:11
268;28,8;OTIMA;930,2;60,77;OTIMA;59,82;ATENCAO;26/09/2021;2:45:54
269;28,81;OTIMA;929,96;60,31;OTIMA;59,62;ATENCAO;26/09/2021;3:02:37
270;26,98;ATENCAO;929,99;65,98;ATENCAO;57,23;ATENCAO;26/09/2021;3:19:20
271;29,97;OTIMA;929,61;56,9;OTIMA;61,09;ATENCAO;26/09/2021;3:36:03
272;27,28;OTIMA;929,74;62,7;OTIMA;56,55;ATENCAO;26/09/2021;3:52:46
273;30,91;ATENCAO;929,43;55,07;OTIMA;62,72;OTIMA;26/09/2021;4:09:29
274;28,55;OTIMA;929,66;59,37;OTIMA;58,43;ATENCAO;26/09/2021;4:26:12
275;29,02;OTIMA;929,81;59,43;OTIMA;59,76;ATENCAO;26/09/2021;4:42:56
276;30,17;ATENCAO;929,59;54,58;ATENCAO;60,38;ATENCAO;26/09/2021;4:59:39
277;27,47;OTIMA;930,21;62,83;OTIMA;57,12;ATENCAO;26/09/2021;5:16:22
278;30,69;ATENCAO;930,02;53,22;ATENCAO;61,03;ATENCAO;26/09/2021;5:33:05
279;27,72;OTIMA;930,37;60,97;OTIMA;56,92;ATENCAO;26/09/2021;5:49:48
280;29,91;OTIMA;930,58;57,62;OTIMA;61,28;ATENCAO;26/09/2021;6:06:31
281;28,14;OTIMA;930,77;59,11;OTIMA;57,15;ATENCAO;26/09/2021;6:23:14
282;27,18;OTIMA;930,91;66,69;ATENCAO;58,08;ATENCAO;26/09/2021;6:39:57
283;28,18;OTIMA;930,99;63,47;OTIMA;59,39;ATENCAO;26/09/2021;6:56:40
284;28,31;OTIMA;931,02;65,23;ATENCAO;60,62;ATENCAO;26/09/2021;7:13:23
285;28,17;OTIMA;931,31;66,8;ATENCAO;60,97;ATENCAO;26/09/2021;7:30:06
286;28,18;OTIMA;931,48;68,13;ATENCAO;61,65;ATENCAO;26/09/2021;7:46:49
287;28,12;OTIMA;931,66;71,18;ATENCAO;62,95;ATENCAO;26/09/2021;8:03:32
288;28,28;OTIMA;931,91;71,4;ATENCAO;63,54;ATENCAO;26/09/2021;8:20:15
289;29,03;OTIMA;931,77;69,95;ATENCAO;65,13;ATENCAO;26/09/2021;8:36:58
290;29,81;OTIMA;931,88;68,18;ATENCAO;66,63;ATENCAO;26/09/2021;8:53:41
291;28,48;OTIMA;931,95;66,2;ATENCAO;61,56;ATENCAO;26/09/2021;9:10:24
292;28,37;OTIMA;932,05;65,15;ATENCAO;60,72;ATENCAO;26/09/2021;9:27:07
293;28,58;OTIMA;931,92;59,35;OTIMA;58,43;ATENCAO;26/09/2021;9:43:50
294;29,76;OTIMA;931,87;58,31;OTIMA;61,19;ATENCAO;26/09/2021;10:00:33
295;30,07;ATENCAO;931,72;53,2;ATENCAO;59,28;ATENCAO;26/09/2021;10:17:16
296;30,41;ATENCAO;931,66;49,94;ATENCAO;58,39;ATENCAO;26/09/2021;10:33:59
297;30,48;ATENCAO;931,53;46,38;ATENCAO;56,59;ATENCAO;26/09/2021;10:50:42
298;31,31;ATENCAO;931,43;46,25;ATENCAO;58,62;ATENCAO;26/09/2021;11:07:25
299;31,09;ATENCAO;931,52;45,67;ATENCAO;57,72;ATENCAO;26/09/2021;11:24:08
300;31,8;ATENCAO;931,32;45,54;ATENCAO;59,46;ATENCAO;26/09/2021;11:40:51
301;29,71;OTIMA;931,41;61,87;OTIMA;62,96;ATENCAO;26/09/2021;11:57:34
302;29,7;OTIMA;931,27;60,3;OTIMA;62,10;ATENCAO;26/09/2021;12:14:17
303;29,82;OTIMA;931,09;57,04;OTIMA;60,70;ATENCAO;26/09/2021;12:31:00
304;30,71;ATENCAO;930,87;55,22;OTIMA;62,19;ATENCAO;26/09/2021;12:47:43
305;30,76;ATENCAO;930,54;50,95;ATENCAO;59,92;ATENCAO;26/09/2021;13:04:26
306;31,68;ATENCAO;930,3;46,11;ATENCAO;59,53;ATENCAO;26/09/2021;13:21:09
307;29,57;OTIMA;930,47;63,85;OTIMA;63,64;ATENCAO;26/09/2021;13:37:52
308;29,4;OTIMA;930,2;64,54;OTIMA;63,50;ATENCAO;26/09/2021;13:54:35
309;29,95;OTIMA;929,67;60,01;OTIMA;62,72;OTIMA;26/09/2021;14:11:18
310;30,48;ATENCAO;929,3;54,89;ATENCAO;61,42;ATENCAO;26/09/2021;14:28:01
311;30,6;ATENCAO;928,93;50,44;ATENCAO;59,25;ATENCAO;26/09/2021;14:44:44
312;30,98;ATENCAO;928,73;46,51;ATENCAO;58,01;ATENCAO;26/09/2021;15:01:27
313;30,1;ATENCAO;928,9;59,94;OTIMA;63,15;ATENCAO;26/09/2021;15:18:10
314;28,79;OTIMA;928,87;68,37;ATENCAO;63,69;ATENCAO;26/09/2021;15:34:53
315;28,9;OTIMA;928,51;65,3;ATENCAO;62,47;ATENCAO;26/09/2021;15:51:36
316;28,95;OTIMA;928,55;65,67;ATENCAO;62,81;ATENCAO;26/09/2021;16:08:19
317;29,1;OTIMA;928,91;62,43;OTIMA;61,57;ATENCAO;26/09/2021;16:25:02
318;29,03;OTIMA;929,02;58,4;OTIMA;59,29;ATENCAO;26/09/2021;16:41:45
319;28,74;OTIMA;929,03;61,74;OTIMA;60,18;ATENCAO;26/09/2021;16:58:28
320;28,39;OTIMA;929,41;62,05;OTIMA;59,33;ATENCAO;26/09/2021;17:15:11
321;27,91;OTIMA;929,85;62,22;OTIMA;58,06;ATENCAO;26/09/2021;17:31:54
322;27,85;OTIMA;930,18;61,8;OTIMA;57,68;ATENCAO;26/09/2021;17:48:37
323;27,44;OTIMA;930,34;62,3;OTIMA;56,79;ATENCAO;26/09/2021;18:05:20
324;28,76;OTIMA;930,38;63,3;OTIMA;60,98;ATENCAO;26/09/2021;18:22:04
325;28,66;OTIMA;930,67;62,16;OTIMA;60,11;ATENCAO;26/09/2021;18:38:47
326;28,05;OTIMA;931,19;64,29;OTIMA;59,41;ATENCAO;26/09/2021;18:55:30
327;27,75;OTIMA;931,42;63,67;OTIMA;58,26;ATENCAO;26/09/2021;19:12:13
328;27,53;OTIMA;931,62;65,09;ATENCAO;58,30;ATENCAO;26/09/2021;19:28:56
329;27,32;OTIMA;931,6;66,03;ATENCAO;58,15;ATENCAO;26/09/2021;19:45:39
330;27,23;OTIMA;931,92;67,28;ATENCAO;58,47;ATENCAO;26/09/2021;20:02:22
331;27,12;OTIMA;932,07;68,7;ATENCAO;58,80;ATENCAO;26/09/2021;20:19:05
332;27;OTIMA;932,22;69,44;ATENCAO;58,79;ATENCAO;26/09/2021;20:35:48
333;26,97;ATENCAO;932,64;69,84;ATENCAO;58,87;ATENCAO;26/09/2021;20:52:31
334;27,27;OTIMA;933,01;71,57;ATENCAO;60,53;ATENCAO;26/09/2021;21:09:14
335;27,95;OTIMA;933,06;70,18;ATENCAO;61,90;ATENCAO;26/09/2021;21:25:57
336;27,57;OTIMA;933,23;70,26;ATENCAO;60,80;ATENCAO;26/09/2021;21:42:40
337;27,77;OTIMA;933,43;72,9;ATENCAO;62,64;ATENCAO;26/09/2021;21:59:23
338;27,84;OTIMA;933,69;71,72;ATENCAO;62,28;ATENCAO;26/09/2021;22:16:06
339;28,07;OTIMA;933,56;70,4;ATENCAO;62,35;ATENCAO;26/09/2021;22:32:49
340;28,06;OTIMA;933,6;71,9;ATENCAO;63,04;ATENCAO;26/09/2021;22:49:32
341;27,82;OTIMA;933,66;71,16;ATENCAO;61,96;ATENCAO;26/09/2021;23:06:15
342;27,64;OTIMA;933,79;69,83;ATENCAO;60,78;ATENCAO;26/09/2021;23:22:58
343;27,52;OTIMA;933,81;71,69;ATENCAO;61,30;ATENCAO;26/09/2021;23:39:41
344;26,8;ATENCAO;933,67;70,24;ATENCAO;58,52;ATENCAO;26/09/2021;23:56:24
345;26,58;ATENCAO;933,52;71,26;ATENCAO;58,35;ATENCAO;27/09/2021;0:13:07
346;26,24;ATENCAO;933,55;73,51;ATENCAO;58,35;ATENCAO;27/09/2021;0:29:50
347;26,8;ATENCAO;933,53;71,42;ATENCAO;59,06;ATENCAO;27/09/2021;0:46:33
348;30,18;ATENCAO;933,25;60,65;OTIMA;63,62;ATENCAO;27/09/2021;1:03:16
349;28,54;OTIMA;933,44;68,85;ATENCAO;63,01;ATENCAO;27/09/2021;1:19:59
350;27,75;OTIMA;933,36;68,31;ATENCAO;60,40;ATENCAO;27/09/2021;1:36:42
351;26,88;ATENCAO;933,21;71,09;ATENCAO;59,15;ATENCAO;27/09/2021;1:53:25
352;26,52;ATENCAO;933,32;72,16;ATENCAO;58,58;ATENCAO;27/09/2021;2:10:08
353;28,37;OTIMA;933,1;68,17;ATENCAO;62,17;ATENCAO;27/09/2021;2:26:51
354;29,91;OTIMA;932,71;58,45;OTIMA;61,66;ATENCAO;27/09/2021;2:43:34
355;27,96;OTIMA;932,83;66,38;ATENCAO;60,11;ATENCAO;27/09/2021;3:00:17
356;27;OTIMA;932,76;67,59;ATENCAO;57,93;ATENCAO;27/09/2021;3:17:00
357;26,34;ATENCAO;932,73;72;ATENCAO;58,01;ATENCAO;27/09/2021;3:33:43
358;25,96;ATENCAO;932,76;72,76;ATENCAO;57,24;ATENCAO;27/09/2021;3:50:26
359;30,39;ATENCAO;932,47;59,03;OTIMA;63,36;ATENCAO;27/09/2021;4:07:09
360;29,01;OTIMA;932,6;59,41;OTIMA;59,63;ATENCAO;27/09/2021;4:23:52
361;27,15;OTIMA;932,95;64,75;OTIMA;57,04;ATENCAO;27/09/2021;4:40:35
362;28,23;OTIMA;933,03;65,2;ATENCAO;60,31;ATENCAO;27/09/2021;4:57:18
363;30,83;ATENCAO;932,75;55,43;OTIMA;62,59;ATENCAO;27/09/2021;5:14:01
364;28,11;OTIMA;933,04;60,44;OTIMA;57,65;ATENCAO;27/09/2021;5:30:44
365;26,88;ATENCAO;933,15;65,92;ATENCAO;56,82;ATENCAO;27/09/2021;5:47:27
366;26,53;ATENCAO;933,32;67,93;ATENCAO;56,74;ATENCAO;27/09/2021;6:04:10
367;29,09;OTIMA;933,46;61,04;OTIMA;60,67;ATENCAO;27/09/2021;6:20:53
368;31,02;ATENCAO;933,26;56,91;OTIMA;63,96;ATENCAO;27/09/2021;6:37:36
369;28,9;OTIMA;933,68;63,48;OTIMA;61,36;ATENCAO;27/09/2021;6:54:19
370;28,26;OTIMA;933,74;65,59;ATENCAO;60,56;ATENCAO;27/09/2021;7:11:03
371;28,35;OTIMA;933,8;66,92;ATENCAO;61,47;ATENCAO;27/09/2021;7:27:46
372;28,55;OTIMA;933,97;67,85;ATENCAO;62,52;ATENCAO;27/09/2021;7:44:29
373;29,34;OTIMA;934,33;68,75;ATENCAO;65,37;ATENCAO;27/09/2021;8:01:12
374;30,35;ATENCAO;934,45;69,02;ATENCAO;68,70;ATENCAO;27/09/2021;8:17:55
375;30,51;ATENCAO;934,31;64,21;OTIMA;66,54;ATENCAO;27/09/2021;8:34:38
376;27,88;OTIMA;934,59;64,92;OTIMA;59,12;ATENCAO;27/09/2021;8:51:21
377;27,99;OTIMA;934,59;60,59;OTIMA;57,34;ATENCAO;27/09/2021;9:08:04
378;28,95;OTIMA;934,59;57,03;OTIMA;58,19;ATENCAO;27/09/2021;9:24:47
379;29,78;OTIMA;934,5;51,65;ATENCAO;57,59;ATENCAO;27/09/2021;9:41:30
380;29,99;OTIMA;934,38;50,96;ATENCAO;57,77;ATENCAO;27/09/2021;9:58:13
381;30,4;ATENCAO;934,1;46,68;ATENCAO;56,48;ATENCAO;27/09/2021;10:14:56
382;30,66;ATENCAO;933,85;45,09;ATENCAO;56,25;ATENCAO;27/09/2021;10:31:39
383;30,43;ATENCAO;933,7;43,49;ATENCAO;54,79;ATENCAO;27/09/2021;10:48:22
384;30,76;ATENCAO;933,39;43,21;ATENCAO;55,44;ATENCAO;27/09/2021;11:05:05
385;30,58;ATENCAO;933,33;57,98;OTIMA;63,30;ATENCAO;27/09/2021;11:21:48
386;30,41;ATENCAO;933,13;57,4;OTIMA;62,49;ATENCAO;27/09/2021;11:38:31
387;31,11;ATENCAO;932,87;53,54;ATENCAO;62,29;ATENCAO;27/09/2021;11:55:14
388;30,77;ATENCAO;932,62;49,8;ATENCAO;59,23;ATENCAO;27/09/2021;12:11:57
389;29,87;OTIMA;932,18;52,25;ATENCAO;58,22;ATENCAO;27/09/2021;12:28:40
390;30,78;ATENCAO;932,14;58,36;OTIMA;64,13;ATENCAO;27/09/2021;12:45:23
391;30,68;ATENCAO;931,85;50,75;ATENCAO;59,55;ATENCAO;27/09/2021;13:02:06
392;31,03;ATENCAO;931,37;51,62;ATENCAO;61,01;ATENCAO;27/09/2021;13:18:49
393;30,76;ATENCAO;931,18;61,43;OTIMA;65,85;ATENCAO;27/09/2021;13:35:32
394;30,37;ATENCAO;931,07;53,4;ATENCAO;60,23;ATENCAO;27/09/2021;13:52:15
395;30,51;ATENCAO;930,83;48,63;ATENCAO;57,94;ATENCAO;27/09/2021;14:08:58
396;29,94;OTIMA;930,73;57,21;OTIMA;61,14;ATENCAO;27/09/2021;14:25:41
397;29,7;OTIMA;930,48;60,05;OTIMA;61,99;ATENCAO;27/09/2021;14:42:24
398;30,26;ATENCAO;930,25;51,55;ATENCAO;58,93;ATENCAO;27/09/2021;14:59:07
399;29,73;OTIMA;930,22;54,07;ATENCAO;58,88;ATENCAO;27/09/2021;15:15:50
400;30,98;ATENCAO;929,92;45,15;ATENCAO;57,19;ATENCAO;27/09/2021;15:32:33
401;28,83;OTIMA;930,1;62,48;OTIMA;60,77;ATENCAO;27/09/2021;15:49:16
402;29,19;OTIMA;930,11;62,95;OTIMA;62,06;ATENCAO;27/09/2021;16:05:59
403;29,18;OTIMA;930,06;56,55;OTIMA;58,71;ATENCAO;27/09/2021;16:22:42
404;30,01;ATENCAO;929,99;50,62;ATENCAO;57,77;ATENCAO;27/09/2021;16:39:25
405;29,72;OTIMA;930,16;52,2;ATENCAO;57,86;ATENCAO;27/09/2021;16:56:08
406;29,67;OTIMA;929,84;51,49;ATENCAO;57,36;ATENCAO;27/09/2021;17:12:51
407;29,19;OTIMA;929,83;50,41;ATENCAO;55,55;ATENCAO;27/09/2021;17:29:34
408;29,17;OTIMA;930,05;51,14;ATENCAO;55,87;ATENCAO;27/09/2021;17:46:17
409;29,06;OTIMA;930,2;50,3;ATENCAO;55,16;ATENCAO;27/09/2021;18:03:00
410;29,04;OTIMA;930,34;51,55;ATENCAO;55,75;ATENCAO;27/09/2021;18:19:43
411;28,39;OTIMA;930,67;49,14;ATENCAO;52,90;ATENCAO;27/09/2021;18:36:26
412;27,93;OTIMA;930,88;49,51;ATENCAO;51,96;ATENCAO;27/09/2021;18:53:09
413;27,76;OTIMA;931,14;49,93;ATENCAO;51,74;ATENCAO;27/09/2021;19:09:52
414;27,35;OTIMA;931,08;48,25;ATENCAO;49,98;ATENCAO;27/09/2021;19:26:35
415;27,85;OTIMA;931,36;49,62;ATENCAO;51,80;ATENCAO;27/09/2021;19:43:18
416;27,77;OTIMA;931,52;48,51;ATENCAO;51,08;ATENCAO;27/09/2021;20:00:01
417;27,54;OTIMA;931,62;48,82;ATENCAO;50,68;ATENCAO;27/09/2021;20:16:44
418;27,18;OTIMA;931,81;51,01;ATENCAO;50,83;ATENCAO;27/09/2021;20:33:28
419;26,87;ATENCAO;932,06;51,39;ATENCAO;50,26;ATENCAO;27/09/2021;20:50:11
420;26,77;ATENCAO;932,25;52,4;ATENCAO;50,47;ATENCAO;27/09/2021;21:06:54
421;26,56;ATENCAO;932,4;52,96;ATENCAO;50,21;ATENCAO;27/09/2021;21:23:37
422;25,88;ATENCAO;932,49;53,36;ATENCAO;48,76;ATENCAO;27/09/2021;21:40:20
423;28,2;OTIMA;932,33;47,59;ATENCAO;51,63;ATENCAO;27/09/2021;21:57:03
424;26,8;ATENCAO;932,41;52,61;ATENCAO;50,63;ATENCAO;27/09/2021;22:13:46
425;26,32;ATENCAO;932,57;54,46;ATENCAO;50,29;ATENCAO;27/09/2021;22:30:29
426;25,96;ATENCAO;932,55;55,93;OTIMA;50,05;ATENCAO;27/09/2021;22:47:12
427;28,36;OTIMA;932,46;49,44;ATENCAO;52,92;ATENCAO;27/09/2021;23:03:55
428;26,79;ATENCAO;932,5;53,9;ATENCAO;51,19;ATENCAO;27/09/2021;23:20:38
429;26,49;ATENCAO;932,4;55,85;OTIMA;51,32;ATENCAO;27/09/2021;23:37:21
430;25,73;ATENCAO;932,41;58,36;OTIMA;50,52;ATENCAO;27/09/2021;23:54:04
431;27,97;OTIMA;932,3;52,19;ATENCAO;53,31;ATENCAO;28/09/2021;0:10:47
432;26,35;ATENCAO;932,23;56,67;OTIMA;51,34;ATENCAO;28/09/2021;0:27:30
433;26,34;ATENCAO;932,11;57,44;OTIMA;51,65;ATENCAO;28/09/2021;0:44:13
434;27,37;OTIMA;932;54,21;ATENCAO;52,78;ATENCAO;28/09/2021;1:00:56
435;26,22;ATENCAO;931,92;58,19;OTIMA;51,68;ATENCAO;28/09/2021;1:17:39
436;28,48;OTIMA;931,63;50,71;ATENCAO;53,87;ATENCAO;28/09/2021;1:34:22
437;25,93;ATENCAO;931,67;57,33;OTIMA;50,60;ATENCAO;28/09/2021;1:51:05
438;27,31;OTIMA;931,52;54,4;ATENCAO;52,73;ATENCAO;28/09/2021;2:07:48
439;26,71;ATENCAO;931,39;55,39;OTIMA;51,69;ATENCAO;28/09/2021;2:24:31
440;26,69;ATENCAO;931,23;54,42;ATENCAO;51,21;ATENCAO;28/09/2021;2:41:14
441;28,77;OTIMA;931,07;52,77;ATENCAO;55,65;ATENCAO;28/09/2021;2:57:57
442;25,65;ATENCAO;930,95;57,25;OTIMA;49,89;ATENCAO;28/09/2021;3:14:40
443;26,59;ATENCAO;930,86;53,6;ATENCAO;50,61;ATENCAO;28/09/2021;3:31:23
444;28,27;OTIMA;930,68;49,09;ATENCAO;52,58;ATENCAO;28/09/2021;3:48:06
445;27,53;OTIMA;930,86;52,02;ATENCAO;52,18;ATENCAO;28/09/2021;4:04:49
446;25,87;ATENCAO;930,93;56,16;OTIMA;49,97;ATENCAO;28/09/2021;4:21:32
447;28,07;OTIMA;930,97;50,93;ATENCAO;52,98;ATENCAO;28/09/2021;4:38:15
448;27,82;OTIMA;931,1;51,16;ATENCAO;52,48;ATENCAO;28/09/2021;4:54:58
449;26,85;ATENCAO;931,03;53,77;ATENCAO;51,31;ATENCAO;28/09/2021;5:11:41
450;26,2;ATENCAO;930,99;57,93;OTIMA;51,55;ATENCAO;28/09/2021;5:28:24
451;25,63;ATENCAO;931,02;60,6;OTIMA;51,25;ATENCAO;28/09/2021;5:45:07
452;24,43;ATENCAO;931,16;61,78;OTIMA;48,72;ATENCAO;28/09/2021;6:01:50
453;23,55;ATENCAO;931,27;63,08;OTIMA;47,06;CRITICA;28/09/2021;6:18:33
454;23,66;ATENCAO;931,46;65,47;ATENCAO;48,21;CRITICA;28/09/2021;6:35:16
455;23,94;ATENCAO;931,62;67,07;ATENCAO;49,51;ATENCAO;28/09/2021;6:51:59
456;24,64;ATENCAO;931,76;68,23;ATENCAO;51,78;ATENCAO;28/09/2021;7:08:42
457;26,74;ATENCAO;931,96;59,43;OTIMA;53,56;ATENCAO;28/09/2021;7:25:25
458;26,64;ATENCAO;932,11;56,97;OTIMA;52,20;ATENCAO;28/09/2021;7:42:08
459;27,51;OTIMA;932,14;56,83;OTIMA;54,35;ATENCAO;28/09/2021;7:58:51
460;27,46;OTIMA;932,27;55,98;OTIMA;53,82;ATENCAO;28/09/2021;8:15:34
461;28,35;OTIMA;932,27;56,17;OTIMA;56,22;ATENCAO;28/09/2021;8:32:17
462;29,01;OTIMA;932,25;53,14;ATENCAO;56,43;ATENCAO;28/09/2021;8:49:00
463;29,51;OTIMA;932,03;51,66;ATENCAO;56,97;ATENCAO;28/09/2021;9:05:43
464;29,99;OTIMA;931,94;50,2;ATENCAO;57,43;ATENCAO;28/09/2021;9:22:27
465;30,58;ATENCAO;931,76;46,91;ATENCAO;57,13;ATENCAO;28/09/2021;9:39:10
466;30,92;ATENCAO;931,47;45,65;ATENCAO;57,28;ATENCAO;28/09/2021;9:55:53
467;31,22;ATENCAO;931,27;44,07;ATENCAO;57,12;ATENCAO;28/09/2021;10:12:36
468;29,86;OTIMA;931,35;59,79;OTIMA;62,28;ATENCAO;28/09/2021;10:29:19
469;30,32;ATENCAO;931,2;52,87;ATENCAO;59,79;ATENCAO;28/09/2021;10:46:02
470;29,57;OTIMA;930,92;51,98;ATENCAO;57,32;ATENCAO;28/09/2021;11:02:45
471;30,63;ATENCAO;930,58;39,35;CRITICA;53,02;ATENCAO;28/09/2021;11:19:28
472;29,67;OTIMA;930,44;57,59;OTIMA;60,59;ATENCAO;28/09/2021;11:36:11
473;29,63;OTIMA;930,1;55,88;OTIMA;59,58;ATENCAO;28/09/2021;11:52:54
474;29,84;OTIMA;929,78;46,21;ATENCAO;54,95;ATENCAO;28/09/2021;12:09:37
475;30,93;ATENCAO;929,24;38,89;CRITICA;53,48;ATENCAO;28/09/2021;12:26:20
476;30,28;ATENCAO;929,02;55,15;OTIMA;61,01;ATENCAO;28/09/2021;12:43:03
477;29,73;OTIMA;928,76;49,45;ATENCAO;56,45;ATENCAO;28/09/2021;12:59:46
478;31,18;ATENCAO;928,25;40,57;ATENCAO;55,06;ATENCAO;28/09/2021;13:16:29
479;29,41;OTIMA;928,18;50,64;ATENCAO;56,28;ATENCAO;28/09/2021;13:33:12
480;28,69;OTIMA;928;54,66;ATENCAO;56,49;ATENCAO;28/09/2021;13:49:55
481;29,15;OTIMA;927,75;53,05;ATENCAO;56,88;ATENCAO;28/09/2021;14:06:38
482;29,21;OTIMA;927,56;49,54;ATENCAO;55,21;ATENCAO;28/09/2021;14:23:21
483;31,02;ATENCAO;927,04;37,41;CRITICA;52,88;ATENCAO;28/09/2021;14:40:04
484;29,6;OTIMA;927,07;57,46;OTIMA;60,44;ATENCAO;28/09/2021;14:56:47
485;30,12;ATENCAO;926,93;53,22;ATENCAO;59,58;ATENCAO;28/09/2021;15:13:30
486;30,38;ATENCAO;926,61;45,27;ATENCAO;55,85;ATENCAO;28/09/2021;15:30:13
487;29,79;OTIMA;926,71;57,85;OTIMA;61,20;ATENCAO;28/09/2021;15:46:56
488;29,18;OTIMA;926,66;54,87;ATENCAO;57,94;ATENCAO;28/09/2021;16:03:39
489;29,43;OTIMA;926,67;49,34;ATENCAO;55,69;ATENCAO;28/09/2021;16:20:22
490;29,59;OTIMA;926,63;46,05;ATENCAO;54,34;ATENCAO;28/09/2021;16:37:05
491;30,73;ATENCAO;926,47;37,41;CRITICA;52,25;ATENCAO;28/09/2021;16:53:48
492;31,04;ATENCAO;926,4;37,82;CRITICA;53,18;ATENCAO;28/09/2021;17:10:31
493;29,96;OTIMA;926,52;40,94;ATENCAO;52,46;ATENCAO;28/09/2021;17:27:14
494;29,66;OTIMA;926,6;42,67;ATENCAO;52,70;ATENCAO;28/09/2021;17:43:57
495;28,92;OTIMA;926,6;44,46;ATENCAO;51,91;ATENCAO;28/09/2021;18:00:40
496;28,52;OTIMA;926,64;45,54;ATENCAO;51,52;ATENCAO;28/09/2021;18:17:23
497;28,68;OTIMA;926,66;51,13;ATENCAO;54,72;ATENCAO;28/09/2021;18:34:06
498;29,69;OTIMA;927,1;50,17;ATENCAO;56,78;ATENCAO;28/09/2021;18:50:49
499;29,63;OTIMA;927,27;50,85;ATENCAO;56,99;ATENCAO;28/09/2021;19:07:32
500;29,44;OTIMA;927,42;50,16;ATENCAO;56,13;ATENCAO;28/09/2021;19:24:15
501;28,96;OTIMA;927,7;50,56;ATENCAO;55,11;ATENCAO;28/09/2021;19:40:58
502;28,65;OTIMA;927,76;52,44;ATENCAO;55,27;ATENCAO;28/09/2021;19:57:41
503;28,37;OTIMA;928,14;53,12;ATENCAO;54,89;ATENCAO;28/09/2021;20:14:24
504;28,19;OTIMA;928,41;53,55;ATENCAO;54,63;ATENCAO;28/09/2021;20:31:07
505;27,74;OTIMA;928,57;54,38;ATENCAO;53,88;ATENCAO;28/09/2021;20:47:50
506;27,3;OTIMA;928,58;54,48;ATENCAO;52,82;ATENCAO;28/09/2021;21:04:33
507;27,23;OTIMA;928,51;56,97;OTIMA;53,80;ATENCAO;28/09/2021;21:21:16
508;26,84;ATENCAO;928,52;56,06;OTIMA;52,39;ATENCAO;28/09/2021;21:37:59
509;26,1;ATENCAO;928,8;56,46;OTIMA;50,72;ATENCAO;28/09/2021;21:54:42
510;25,9;ATENCAO;928,74;57,45;OTIMA;50,65;ATENCAO;28/09/2021;22:11:25
511;25,69;ATENCAO;928,48;57,71;OTIMA;50,25;ATENCAO;28/09/2021;22:28:09
512;25,53;ATENCAO;928,6;58,08;OTIMA;50,01;ATENCAO;28/09/2021;22:44:52
513;25,62;ATENCAO;928,56;59,01;OTIMA;50,62;ATENCAO;28/09/2021;23:01:35
514;25,41;ATENCAO;928,46;57,95;OTIMA;49,66;ATENCAO;28/09/2021;23:18:18
515;24,54;ATENCAO;928,44;59,12;OTIMA;48,01;CRITICA;28/09/2021;23:35:01
516;24,55;ATENCAO;928,52;60,93;OTIMA;48,75;ATENCAO;28/09/2021;23:51:44
517;25,04;ATENCAO;928,36;59,85;OTIMA;49,53;ATENCAO;29/09/2021;0:08:27
518;25,1;ATENCAO;928,17;59,66;OTIMA;49,61;ATENCAO;29/09/2021;0:25:10
519;25,07;ATENCAO;927,99;59,22;OTIMA;49,36;ATENCAO;29/09/2021;0:41:53
520;25,3;ATENCAO;927,93;58,82;OTIMA;49,76;ATENCAO;29/09/2021;0:58:36
521;25,45;ATENCAO;927,51;59,87;OTIMA;50,58;ATENCAO;29/09/2021;1:15:19
522;25,36;ATENCAO;927,44;61,76;OTIMA;51,14;ATENCAO;29/09/2021;1:32:02
523;24,8;ATENCAO;927,2;60,09;OTIMA;49,07;ATENCAO;29/09/2021;1:48:45
524;24,58;ATENCAO;926,9;61,8;OTIMA;49,21;ATENCAO;29/09/2021;2:05:28
525;24,15;ATENCAO;926,77;62,39;OTIMA;48,38;CRITICA;29/09/2021;2:22:11
526;23,97;ATENCAO;926,66;61,82;OTIMA;47,72;CRITICA;29/09/2021;2:38:54
527;24,13;ATENCAO;926,48;63,29;OTIMA;48,69;ATENCAO;29/09/2021;2:55:37
528;24,06;ATENCAO;926,48;63,41;OTIMA;48,56;OTIMA;29/09/2021;3:12:20
529;23,91;ATENCAO;926,54;63,61;OTIMA;48,26;CRITICA;29/09/2021;3:29:03
530;23,56;ATENCAO;926,56;64,63;OTIMA;47,78;CRITICA;29/09/2021;3:45:46
531;23,59;ATENCAO;926,44;65,78;ATENCAO;48,28;CRITICA;29/09/2021;4:02:29
532;23,86;ATENCAO;926,47;66,34;ATENCAO;49,17;ATENCAO;29/09/2021;4:19:12
533;23,27;ATENCAO;926,68;66,23;ATENCAO;47,65;CRITICA;29/09/2021;4:35:55
534;22,74;CRITICA;926,83;66,97;ATENCAO;46,60;CRITICA;29/09/2021;4:52:38
535;22,72;CRITICA;926,85;67,82;ATENCAO;46,85;CRITICA;29/09/2021;5:09:21
536;22,82;CRITICA;926,87;68,62;ATENCAO;47,38;CRITICA;29/09/2021;5:26:04
537;22,81;CRITICA;926,99;69,79;ATENCAO;47,77;CRITICA;29/09/2021;5:42:47
538;22,64;CRITICA;927,51;67,33;ATENCAO;46,46;CRITICA;29/09/2021;5:59:30
539;22,73;CRITICA;927,71;67,23;ATENCAO;46,64;CRITICA;29/09/2021;6:16:13
540;23,62;ATENCAO;927,7;68,74;ATENCAO;49,43;ATENCAO;29/09/2021;6:32:56
541;23,87;ATENCAO;928,05;65,54;ATENCAO;48,85;ATENCAO;29/09/2021;6:49:39
542;24,34;ATENCAO;928,32;67,03;ATENCAO;50,62;ATENCAO;29/09/2021;7:06:22
543;25,81;ATENCAO;928,31;66,97;ATENCAO;54,49;ATENCAO;29/09/2021;7:23:05
544;26,63;ATENCAO;928,53;67,92;ATENCAO;57,17;ATENCAO;29/09/2021;7:34:05
545;27,6;OTIMA;928,86;62,87;OTIMA;57,54;ATENCAO;29/09/2021;7:50:48
546;27,5;OTIMA;929,17;57,73;OTIMA;54,84;ATENCAO;29/09/2021;8:07:31
547;27,31;OTIMA;929,14;58,87;OTIMA;54,87;ATENCAO;29/09/2021;8:24:14
548;24,58;ATENCAO;927,44;59,85;OTIMA;48,43;CRITICA;29/09/2021;8:24:14
549;23,97;ATENCAO;926,9;58,82;OTIMA;46,57;CRITICA;29/09/2021;8:54:14
550;24,13;ATENCAO;926,77;60,09;OTIMA;47,44;CRITICA;29/09/2021;9:14:14
551;24,06;ATENCAO;926,48;61,8;OTIMA;47,94;CRITICA;29/09/2021;9:44:14
552;23,56;ATENCAO;926,48;62,39;OTIMA;46,95;CRITICA;29/09/2021;10:24:14
553;23,59;ATENCAO;926,56;63,29;OTIMA;47,35;CRITICA;29/09/2021;10:54:14
554;23,27;ATENCAO;926,47;63,61;OTIMA;46,69;CRITICA;29/09/2021;11:34:14
555;22,74;CRITICA;926,68;65,78;ATENCAO;46,18;CRITICA;29/09/2021;11:54:14
556;22,82;CRITICA;926,85;66,23;ATENCAO;46,53;CRITICA;29/09/2021;12:24:14
557;22,81;CRITICA;926,87;67,82;ATENCAO;47,07;CRITICA;29/09/2021;12:44:14
558;22,73;CRITICA;927,51;69,79;ATENCAO;47,55;CRITICA;29/09/2021;13:04:14
559;23,62;ATENCAO;927,7;67,23;ATENCAO;48,87;ATENCAO;29/09/2021;13:54:14
560;24,34;ATENCAO;928,05;65,54;ATENCAO;50,05;ATENCAO;29/09/2021;14:14:14
561;26,63;ATENCAO;928,31;67,03;ATENCAO;56,78;ATENCAO;29/09/2021;14:44:14
562;27,5;OTIMA;928,86;67,92;ATENCAO;59,64;ATENCAO;29/09/2021;15:04:14
563;27,31;OTIMA;929,17;57,73;OTIMA;54,34;ATENCAO;29/09/2021;15:44:14
564;29,32;OTIMA;924,97;63,67;OTIMA;63,00;ATENCAO;29/09/2021;16:01:39
565;28,98;OTIMA;925,06;59,57;OTIMA;59,88;ATENCAO;29/09/2021;16:18:22
566;28,8;OTIMA;925,21;60,39;OTIMA;59,79;ATENCAO;29/09/2021;16:35:05
567;28,96;OTIMA;925,43;58,95;OTIMA;59,49;ATENCAO;29/09/2021;16:51:48
568;29,35;OTIMA;925,51;55,18;OTIMA;58,60;ATENCAO;29/09/2021;17:08:31
569;29,54;OTIMA;925,75;51,79;ATENCAO;57,30;ATENCAO;29/09/2021;17:25:14
570;29,41;OTIMA;925,96;50,26;ATENCAO;56,14;ATENCAO;29/09/2021;17:41:57
571;29,53;OTIMA;926,12;54,81;ATENCAO;58,87;ATENCAO;29/09/2021;17:58:40
572;29,37;OTIMA;926,43;57,96;OTIMA;60,09;ATENCAO;29/09/2021;18:15:23
573;28,88;OTIMA;926,81;61,45;OTIMA;60,50;ATENCAO;29/09/2021;18:32:06
574;28,12;OTIMA;927,21;66,9;ATENCAO;61,02;ATENCAO;29/09/2021;18:48:49
575;29,27;OTIMA;927,08;69,79;ATENCAO;65,98;ATENCAO;29/09/2021;19:05:32
576;29,94;OTIMA;927,55;68,36;ATENCAO;67,31;ATENCAO;29/09/2021;19:22:15
577;29,63;OTIMA;928,03;68,4;ATENCAO;66,34;ATENCAO;29/09/2021;19:38:58
578;29,23;OTIMA;928,43;68,02;ATENCAO;64,88;ATENCAO;29/09/2021;19:55:41
579;28,56;OTIMA;928,63;71,7;ATENCAO;64,68;ATENCAO;29/09/2021;20:19:53
580;28,26;OTIMA;929,13;70,17;ATENCAO;62,97;ATENCAO;29/09/2021;20:36:36
581;27,95;OTIMA;929,54;70,77;ATENCAO;62,31;ATENCAO;29/09/2021;20:53:19
582;27,94;OTIMA;929,53;71,65;ATENCAO;62,71;OTIMA;29/09/2021;21:10:02
583;27,83;OTIMA;929,42;71,57;ATENCAO;62,34;ATENCAO;29/09/2021;21:26:45
584;27,77;OTIMA;929,59;72,63;ATENCAO;62,66;ATENCAO;29/09/2021;21:43:28
585;27,81;OTIMA;930,03;73,74;ATENCAO;63,29;ATENCAO;29/09/2021;22:00:11
586;27,49;OTIMA;929,99;72,55;ATENCAO;61,75;ATENCAO;29/09/2021;22:16:54
587;27,17;OTIMA;930,07;72,32;ATENCAO;60,68;ATENCAO;29/09/2021;22:33:37
588;27,15;OTIMA;930,11;73,28;ATENCAO;61,06;ATENCAO;29/09/2021;22:50:20
589;26,67;ATENCAO;929,93;73,34;ATENCAO;59,66;ATENCAO;29/09/2021;23:07:03
590;26,63;ATENCAO;929,68;73,37;ATENCAO;59,57;ATENCAO;29/09/2021;23:23:46
591;26,49;ATENCAO;929,53;73,61;ATENCAO;59,26;ATENCAO;29/09/2021;23:57:12
